week_end,ibit_net_flow_usd,btc_close_usd,flow_observations,last_flow_date
2024-01-12,497700000.0,42853.17,2,2024-01-12
2024-01-19,931100000.0,41618.41,4,2024-01-19
2024-01-26,744700000.0,41816.87,5,2024-01-26
2024-02-02,883500000.0,43185.86,5,2024-02-02
2024-02-09,693500000.0,47147.2,5,2024-02-09
2024-02-16,1614400000.0,52160.2,5,2024-02-16
2024-02-23,543400000.0,50731.95,4,2024-02-23
2024-03-01,2050500000.0,62440.63,5,2024-03-01
2024-03-08,2070600000.0,68300.09,5,2024-03-08
2024-03-15,2483600000.0,69403.77,5,2024-03-15
2024-03-22,828300000.0,63778.76,5,2024-03-22
2024-03-29,616600000.0,69892.83,4,2024-03-28
2024-04-05,811200000.0,67837.64,5,2024-04-05
2024-04-12,486500000.0,67195.87,5,2024-04-12
2024-04-19,165400000.0,63843.57,5,2024-04-19
2024-04-26,57600000.0,63755.32,5,2024-04-26
2024-05-03,-24200000.0,62889.84,5,2024-05-03
2024-05-10,48100000.0,60792.78,5,2024-05-10
2024-05-17,131800000.0,67051.88,5,2024-05-17
2024-05-24,719500000.0,68526.1,5,2024-05-24
2024-05-31,297800000.0,67491.41,4,2024-05-31
2024-06-07,948000000.0,69342.59,5,2024-06-07
2024-06-14,41600000.0,66011.09,5,2024-06-14
2024-06-21,1500000.0,64096.2,4,2024-06-21
2024-06-28,82400000.0,60320.14,5,2024-06-28
2024-07-05,14100000.0,56662.38,4,2024-07-05
2024-07-12,522500000.0,57899.46,5,2024-07-12
2024-07-19,706700000.0,66710.16,5,2024-07-19
2024-07-26,758500000.0,67912.06,5,2024-07-26
2024-08-02,370200000.0,61415.07,5,2024-08-02
2024-08-09,219700000.0,60880.11,5,2024-08-09
2024-08-16,71100000.0,58894.11,5,2024-08-16
2024-08-23,318800000.0,64094.36,5,2024-08-23
2024-08-30,210600000.0,59119.48,5,2024-08-30
2024-09-06,0.0,53948.75,4,2024-09-06
2024-09-13,-9100000.0,60571.3,5,2024-09-13
2024-09-20,15800000.0,63192.98,5,2024-09-20
2024-09-27,499000000.0,65790.66,5,2024-09-27
2024-10-04,135300000.0,62067.48,5,2024-10-04
2024-10-11,140600000.0,62445.09,5,2024-10-11
2024-10-18,1141100000.0,68418.79,5,2024-10-18
2024-10-25,1147000000.0,66642.41,5,2024-10-25
2024-11-01,2148900000.0,69482.47,5,2024-11-01
2024-11-08,1251100000.0,76545.48,5,2024-11-08
2024-11-15,2022500000.0,91066.01,5,2024-11-15
2024-11-22,2053500000.0,98997.66,5,2024-11-22
2024-11-29,405300000.0,97461.52,4,2024-11-29
2024-12-06,2630800000.0,99920.71,5,2024-12-06
2024-12-13,1514300000.0,101459.26,5,2024-12-13
2024-12-20,1446500000.0,97755.93,5,2024-12-20
2024-12-27,-21100000.0,94164.86,4,2024-12-27
2025-01-03,-139500000.0,98107.43,4,2025-01-03
2025-01-10,497600000.0,94701.45,4,2025-01-10
2025-01-17,745700000.0,104462.04,5,2025-01-17
2025-01-24,1316500000.0,104819.48,4,2025-01-24
2025-01-31,750900000.0,102405.02,5,2025-01-31
2025-02-07,315300000.0,96529.09,5,2025-02-07
2025-02-14,105600000.0,97508.97,5,2025-02-14
2025-02-21,-22000000.0,96125.55,4,2025-02-21
2025-02-28,-1174700000.0,84373.01,5,2025-02-28
2025-03-07,-129600000.0,86742.67,5,2025-03-07
2025-03-14,-338100000.0,83969.1,5,2025-03-14
2025-03-21,537500000.0,84043.24,5,2025-03-21
2025-03-28,172000000.0,84353.15,5,2025-03-28
2025-04-04,-35500000.0,83843.8,5,2025-04-04
2025-04-11,-342600000.0,83404.84,5,2025-04-11
2025-04-18,186500000.0,84450.8,4,2025-04-17
2025-04-25,1445700000.0,94720.5,5,2025-04-25
2025-05-02,2480900000.0,96910.07,5,2025-05-02
2025-05-09,1030300000.0,102970.85,5,2025-05-09
2025-05-16,841700000.0,103489.29,5,2025-05-16
2025-05-23,2432000000.0,107287.8,5,2025-05-23
2025-05-30,584600000.0,103998.57,4,2025-05-30
2025-06-06,81100000.0,104390.34,5,2025-06-06
2025-06-13,1115900000.0,106090.97,5,2025-06-13
2025-06-20,1231600000.0,103309.6,4,2025-06-20
2025-06-27,1310900000.0,107088.43,5,2025-06-27
2025-07-04,336800000.0,108034.34,4,2025-07-03
2025-07-11,1759000000.0,117516.99,5,2025-07-11
2025-07-18,2569000000.0,118003.23,5,2025-07-18
2025-07-25,267900000.0,117635.88,5,2025-07-25
2025-08-01,355400000.0,113320.09,5,2025-08-01
2025-08-08,188900000.0,116688.73,5,2025-08-08
2025-08-15,887700000.0,117398.35,5,2025-08-15
2025-08-22,-615000000.0,116874.09,5,2025-08-22
2025-08-29,247900000.0,108410.84,5,2025-08-29
2025-09-05,434300000.0,110650.98,4,2025-09-05
2025-09-12,1036900000.0,116101.58,5,2025-09-12
2025-09-19,866800000.0,115688.86,5,2025-09-19
2025-09-26,173800000.0,109712.83,5,2025-09-26
2025-10-03,1816400000.0,122266.53,5,2025-10-03
2025-10-10,2625300000.0,113214.37,5,2025-10-10
2025-10-17,-278600000.0,106467.79,5,2025-10-17
2025-10-24,324300000.0,111033.92,5,2025-10-24
2025-10-31,-403400000.0,109556.16,5,2025-10-31
2025-11-07,-581000000.0,103372.41,5,2025-11-07
2025-11-14,-532400000.0,94397.79,5,2025-11-14
2025-11-21,-1085700000.0,85090.69,5,2025-11-21
2025-11-28,-137000000.0,90919.27,4,2025-11-28
2025-12-05,-49100000.0,89387.76,5,2025-12-05
2025-12-12,214100000.0,90270.41,5,2025-12-12
2025-12-19,-240300000.0,88103.38,5,2025-12-19
2025-12-26,-435300000.0,87301.43,4,2025-12-26
2026-01-02,324200000.0,89944.7,4,2026-01-02
2026-01-09,25900000.0,90513.1,5,2026-01-09
2026-01-16,1034900000.0,95525.12,5,2026-01-16
2026-01-23,-537500000.0,89503.88,4,2026-01-23
2026-01-30,-947200000.0,84128.66,5,2026-01-30
2026-02-06,-115100000.0,70555.39,5,2026-02-06
2026-02-13,-234800000.0,68857.84,5,2026-02-13
2026-02-20,-303500000.0,68005.42,4,2026-02-20
2026-02-27,503000000.0,65881.8,5,2026-02-27
2026-03-06,660000000.0,68136.49,5,2026-03-06
2026-03-13,600100000.0,70968.27,5,2026-03-13
2026-03-20,190600000.0,70522.59,5,2026-03-20
2026-03-27,-158000000.0,66338.38,5,2026-03-27
2026-04-03,16400000.0,66931.1,4,2026-04-02
2026-04-10,612100000.0,72979.05,5,2026-04-10
2026-04-17,906100000.0,77126.88,5,2026-04-17
2026-04-24,732600000.0,77455.31,5,2026-04-24
2026-05-01,136600000.0,78179.0,5,2026-05-01
2026-05-08,596300000.0,80186.77,5,2026-05-08
2026-05-15,-317200000.0,79065.68,5,2026-05-15
2026-05-22,-1008100000.0,75488.24,5,2026-05-22
2026-05-29,-966300000.0,73372.52,4,2026-05-29
2026-06-05,-1337200000.0,60922.67,5,2026-06-05
2026-06-12,-355000000.0,63543.2,5,2026-06-12
2026-06-19,-44700000.0,63540.84,4,2026-06-18
2026-06-26,-1303500000.0,60016.43,5,2026-06-26
2026-07-03,-772600000.0,62544.2,4,2026-07-02
2026-07-10,291900000.0,64127.14,5,2026-07-10
2026-07-17,204100000.0,63899.46,5,2026-07-17
2026-07-24,-95500000.0,64098.5,5,2026-07-24
2026-07-31,86900000.0,62813.75,5,2026-07-31
2026-08-07,693500000.0,64880.19,5,2026-08-07
2026-08-14,-78900000.0,62975.59,5,2026-08-14
2026-08-21,1330800000.0,78335.19,5,2026-08-21
2026-08-28,938300000.0,77830.29,5,2026-08-28
2026-09-04,691500000.0,79671.97,5,2026-09-04
2026-09-11,-52500000.0,77173.8,4,2026-09-11
2026-09-18,120600000.0,80901.46,5,2026-09-18
