month,month_end,ibit_net_flow_usd,btc_close_usd,flow_observations,last_flow_date
2024-01,2024-01-31,2787300000.0,42582.61,14,2024-01-31
2024-02,2024-02-29,4969000000.0,61198.38,20,2024-02-29
2024-03,2024-03-31,6201600000.0,71333.65,20,2024-03-28
2024-04,2024-04-30,1520700000.0,60636.86,22,2024-04-30
2024-05,2024-05-31,1173000000.0,67491.41,22,2024-05-31
2024-06,2024-06-30,1073500000.0,62678.29,19,2024-06-28
2024-07,2024-07-31,2303300000.0,64619.25,22,2024-07-31
2024-08,2024-08-31,888900000.0,58969.9,22,2024-08-30
2024-09,2024-09-30,577900000.0,63329.5,20,2024-09-30
2024-10,2024-10-31,4640700000.0,70215.19,23,2024-10-31
2024-11,2024-11-30,5732400000.0,96449.05,20,2024-11-29
2024-12,2024-12-31,5510500000.0,93429.2,21,2024-12-31
2025-01,2025-01-31,3231200000.0,102405.02,20,2025-01-31
2025-02,2025-02-28,-775800000.0,84373.01,19,2025-02-28
2025-03,2025-03-31,256900000.0,82548.91,21,2025-03-31
2025-04,2025-04-30,2693600000.0,94207.31,21,2025-04-30
2025-05,2025-05-31,5914900000.0,104638.09,21,2025-05-30
2025-06,2025-06-30,3851800000.0,107135.34,20,2025-06-30
2025-07,2025-07-31,5178400000.0,115758.2,22,2025-07-31
2025-08,2025-08-31,706900000.0,108236.71,21,2025-08-29
2025-09,2025-09-30,2664600000.0,114056.09,21,2025-09-30
2025-10,2025-10-31,3931200000.0,109556.16,23,2025-10-31
2025-11,2025-11-30,-2336100000.0,90394.31,19,2025-11-28
2025-12,2025-12-31,-473800000.0,87508.83,22,2025-12-31
2026-01,2026-01-31,-136500000.0,78621.12,20,2026-01-30
2026-02,2026-02-28,-150400000.0,66995.86,19,2026-02-27
2026-03,2026-03-31,1398600000.0,68233.31,22,2026-03-31
2026-04,2026-04-30,2013500000.0,76304.32,21,2026-04-30
2026-05,2026-05-31,-1410900000.0,73579.69,20,2026-05-29
2026-06,2026-06-30,-3553200000.0,58558.86,21,2026-06-30
2026-07,2026-07-31,227600000.0,62813.75,22,2026-07-31
2026-08,2026-08-31,3089600000.0,78548.63,21,2026-08-31
