week_start,week_end,is_complete,signal_flow_week_start,signal_flow_week_end,prior_week_ibit_flow_usd,signal,allocation_pct,price_date,adjusted_close,asset_week_return_pct,strategy_week_return_pct,strategy_value,buy_hold_value
2024-01-15,2024-01-19,True,2024-01-08,2024-01-12,497700000.0,IN,100,2024-01-19,15.960308,-8.916414,-8.916414,910.84,910.84
2024-01-22,2024-01-26,True,2024-01-15,2024-01-19,931100000.0,IN,100,2024-01-26,16.139719,1.124107,1.124107,921.07,921.07
2024-01-29,2024-02-02,True,2024-01-22,2024-01-26,744700000.0,IN,100,2024-02-02,16.812517,4.168587,4.168587,959.47,959.47
2024-02-05,2024-02-09,True,2024-01-29,2024-02-02,883500000.0,IN,100,2024-02-09,20.438166,21.565174,21.565174,1166.38,1166.38
2024-02-12,2024-02-16,True,2024-02-05,2024-02-09,693500000.0,IN,100,2024-02-16,24.243223,18.617412,18.617412,1383.53,1383.53
2024-02-19,2024-02-23,True,2024-02-12,2024-02-16,1614400000.0,IN,100,2024-02-23,23.32373,-3.792782,-3.792782,1331.06,1331.06
2024-02-26,2024-03-01,True,2024-02-19,2024-02-23,543400000.0,IN,100,2024-03-01,33.924057,45.448675,45.448675,1936.01,1936.01
2024-03-04,2024-03-08,True,2024-02-26,2024-03-01,2050500000.0,IN,100,2024-03-08,39.822273,17.38653,17.38653,2272.61,2272.61
2024-03-11,2024-03-15,True,2024-03-04,2024-03-08,2070600000.0,IN,100,2024-03-15,39.194328,-1.576869,-1.576869,2236.77,2236.77
2024-03-18,2024-03-22,True,2024-03-11,2024-03-15,2483600000.0,IN,100,2024-03-22,33.012047,-15.773408,-15.773408,1883.96,1883.96
2024-03-25,2024-03-29,True,2024-03-18,2024-03-22,828300000.0,IN,100,2024-03-28,39.807316,20.58421,20.58421,2271.76,2271.76
2024-04-01,2024-04-05,True,2024-03-25,2024-03-29,616600000.0,IN,100,2024-04-05,35.471497,-10.892016,-10.892016,2024.32,2024.32
2024-04-08,2024-04-12,True,2024-04-01,2024-04-05,811200000.0,IN,100,2024-04-12,34.492207,-2.76078,-2.76078,1968.43,1968.43
2024-04-15,2024-04-19,True,2024-04-08,2024-04-12,486500000.0,IN,100,2024-04-19,31.561789,-8.495884,-8.495884,1801.19,1801.19
2024-04-22,2024-04-26,True,2024-04-15,2024-04-19,165400000.0,IN,100,2024-04-26,30.604912,-3.031757,-3.031757,1746.59,1746.59
2024-04-29,2024-05-03,True,2024-04-22,2024-04-26,57600000.0,IN,100,2024-05-03,28.661272,-6.350745,-6.350745,1635.66,1635.66
2024-05-06,2024-05-10,True,2024-04-29,2024-05-03,-24200000.0,OUT,0,2024-05-10,27.166166,-5.216467,-0.0,1635.66,1550.34
2024-05-13,2024-05-17,True,2024-05-06,2024-05-10,48100000.0,IN,100,2024-05-17,33.027,21.57402,21.57402,1988.54,1884.81
2024-05-20,2024-05-24,True,2024-05-13,2024-05-17,131800000.0,IN,100,2024-05-24,34.777336,5.299711,5.299711,2093.93,1984.7
2024-05-27,2024-05-31,True,2024-05-20,2024-05-24,719500000.0,IN,100,2024-05-31,32.83083,-5.597055,-5.597055,1976.73,1873.62
2024-06-03,2024-06-07,True,2024-05-27,2024-05-31,297800000.0,IN,100,2024-06-07,34.304066,4.487356,4.487356,2065.44,1957.69
2024-06-10,2024-06-14,True,2024-06-03,2024-06-07,948000000.0,IN,100,2024-06-14,30.311844,-11.637751,-11.637751,1825.06,1729.86
2024-06-17,2024-06-21,True,2024-06-10,2024-06-14,41600000.0,IN,100,2024-06-21,28.907328,-4.633556,-4.633556,1740.5,1649.71
2024-06-24,2024-06-28,True,2024-06-17,2024-06-21,1500000.0,IN,100,2024-06-28,24.843941,-14.056598,-14.056598,1495.84,1417.81
2024-07-01,2024-07-05,True,2024-06-24,2024-06-28,82400000.0,IN,100,2024-07-05,21.840401,-12.089628,-12.089628,1315.0,1246.41
2024-07-08,2024-07-12,True,2024-07-01,2024-07-05,14100000.0,IN,100,2024-07-12,22.679508,3.841997,3.841997,1365.52,1294.29
2024-07-15,2024-07-19,True,2024-07-08,2024-07-12,522500000.0,IN,100,2024-07-19,30.466763,34.336081,34.336081,1834.39,1738.7
2024-07-22,2024-07-26,True,2024-07-15,2024-07-19,706700000.0,IN,100,2024-07-26,30.829775,1.191503,1.191503,1856.25,1759.42
2024-07-29,2024-08-02,True,2024-07-22,2024-07-26,758500000.0,IN,100,2024-08-02,25.71545,-16.588913,-16.588913,1548.32,1467.55
2024-08-05,2024-08-09,True,2024-07-29,2024-08-02,370200000.0,IN,100,2024-08-09,23.230209,-9.664388,-9.664388,1398.68,1325.72
2024-08-12,2024-08-16,True,2024-08-05,2024-08-09,219700000.0,IN,100,2024-08-16,22.295248,-4.024765,-4.024765,1342.39,1272.36
2024-08-19,2024-08-23,True,2024-08-12,2024-08-16,71100000.0,IN,100,2024-08-23,25.060179,12.401435,12.401435,1508.86,1430.15
2024-08-26,2024-08-30,True,2024-08-19,2024-08-23,318800000.0,IN,100,2024-08-30,20.929651,-16.482434,-16.482434,1260.17,1194.43
2024-09-02,2024-09-06,True,2024-08-26,2024-08-30,210600000.0,IN,100,2024-09-06,17.272678,-17.472689,-17.472689,1039.98,985.73
2024-09-09,2024-09-13,True,2024-09-02,2024-09-06,0.0,IN,100,2024-09-13,21.443918,24.149352,24.149352,1291.13,1223.78
2024-09-16,2024-09-20,True,2024-09-09,2024-09-13,-9100000.0,OUT,0,2024-09-20,23.484644,9.516571,0.0,1291.13,1340.24
2024-09-23,2024-09-27,True,2024-09-16,2024-09-20,15800000.0,IN,100,2024-09-27,25.583393,8.936687,8.936687,1406.51,1460.01
2024-09-30,2024-10-04,True,2024-09-23,2024-09-27,499000000.0,IN,100,2024-10-04,22.879868,-10.567502,-10.567502,1257.88,1305.73
2024-10-07,2024-10-11,True,2024-09-30,2024-10-04,135300000.0,IN,100,2024-10-11,23.238667,1.568186,1.568186,1277.61,1326.2
2024-10-14,2024-10-18,True,2024-10-07,2024-10-11,140600000.0,IN,100,2024-10-18,27.335682,17.630166,17.630166,1502.85,1560.01
2024-10-21,2024-10-25,True,2024-10-14,2024-10-18,1141100000.0,IN,100,2024-10-25,25.691872,-6.013423,-6.013423,1412.48,1466.2
2024-10-28,2024-11-01,True,2024-10-21,2024-10-25,1147000000.0,IN,100,2024-11-01,27.416916,6.714358,6.714358,1507.32,1564.65
2024-11-04,2024-11-08,True,2024-10-28,2024-11-01,2148900000.0,IN,100,2024-11-08,33.404816,21.840165,21.840165,1836.52,1906.37
2024-11-11,2024-11-15,True,2024-11-04,2024-11-08,1251100000.0,IN,100,2024-11-15,46.586681,39.460974,39.460974,2561.23,2658.65
2024-11-18,2024-11-22,True,2024-11-11,2024-11-15,2022500000.0,IN,100,2024-11-22,54.511089,17.010029,17.010029,2996.89,3110.88
2024-11-25,2024-11-29,True,2024-11-18,2024-11-22,2053500000.0,IN,100,2024-11-29,51.670151,-5.211671,-5.211671,2840.7,2948.75
2024-12-02,2024-12-06,True,2024-11-25,2024-11-29,405300000.0,IN,100,2024-12-06,55.978859,8.338873,8.338873,3077.59,3194.65
2024-12-09,2024-12-13,True,2024-12-02,2024-12-06,2630800000.0,IN,100,2024-12-13,55.463882,-0.919948,-0.919948,3049.27,3165.26
2024-12-16,2024-12-20,True,2024-12-09,2024-12-13,1514300000.0,IN,100,2024-12-20,48.818737,-11.981032,-11.981032,2683.94,2786.03
2024-12-23,2024-12-27,True,2024-12-16,2024-12-20,1446500000.0,IN,100,2024-12-27,46.108036,-5.552583,-5.552583,2534.91,2631.33
2024-12-30,2025-01-03,True,2024-12-23,2024-12-27,-21100000.0,OUT,0,2025-01-03,49.96191,8.358357,0.0,2534.91,2851.27
2025-01-06,2025-01-10,True,2024-12-30,2025-01-03,-139500000.0,OUT,0,2025-01-10,45.571087,-8.788342,-0.0,2534.91,2600.69
2025-01-13,2025-01-17,True,2025-01-06,2025-01-10,497600000.0,IN,100,2025-01-17,55.357349,21.474718,21.474718,3079.28,3159.18
2025-01-20,2025-01-24,True,2025-01-13,2025-01-17,745700000.0,IN,100,2025-01-24,55.05423,-0.547569,-0.547569,3062.42,3141.88
2025-01-27,2025-01-31,True,2025-01-20,2025-01-24,1316500000.0,IN,100,2025-01-31,51.080833,-7.217241,-7.217241,2841.39,2915.12
2025-02-03,2025-02-07,True,2025-01-27,2025-01-31,750900000.0,IN,100,2025-02-07,45.173878,-11.563938,-11.563938,2512.82,2578.02
2025-02-10,2025-02-14,True,2025-02-03,2025-02-07,315300000.0,IN,100,2025-02-14,46.474979,2.880208,2.880208,2585.19,2652.27
2025-02-17,2025-02-21,True,2025-02-10,2025-02-14,105600000.0,IN,100,2025-02-21,43.577869,-6.233698,-6.233698,2424.04,2486.94
2025-02-24,2025-02-28,True,2025-02-17,2025-02-21,-22000000.0,OUT,0,2025-02-28,34.195126,-21.530983,-0.0,2424.04,1951.48
2025-03-03,2025-03-07,True,2025-02-24,2025-02-28,-1174700000.0,OUT,0,2025-03-07,36.088581,5.537209,0.0,2424.04,2059.53
2025-03-10,2025-03-14,True,2025-03-03,2025-03-07,-129600000.0,OUT,0,2025-03-14,33.500271,-7.172103,-0.0,2424.04,1911.82
2025-03-17,2025-03-21,True,2025-03-10,2025-03-14,-338100000.0,OUT,0,2025-03-21,32.701202,-2.38526,-0.0,2424.04,1866.22
2025-03-24,2025-03-28,True,2025-03-17,2025-03-21,537500000.0,IN,100,2025-03-28,32.166862,-1.634007,-1.634007,2384.43,1835.72
2025-03-31,2025-04-04,True,2025-03-24,2025-03-28,172000000.0,IN,100,2025-04-04,32.263687,0.301007,0.301007,2391.61,1841.25
2025-04-07,2025-04-11,True,2025-03-31,2025-04-04,-35500000.0,OUT,0,2025-04-11,31.603462,-2.046341,-0.0,2391.61,1803.57
2025-04-14,2025-04-18,True,2025-04-07,2025-04-11,-342600000.0,OUT,0,2025-04-17,32.316513,2.256243,0.0,2391.61,1844.27
2025-04-21,2025-04-25,True,2025-04-14,2025-04-18,186500000.0,IN,100,2025-04-25,40.529884,25.415401,25.415401,2999.44,2312.99
2025-04-28,2025-05-02,True,2025-04-21,2025-04-25,1445700000.0,IN,100,2025-05-02,41.645191,2.751814,2.751814,3081.98,2376.64
2025-05-05,2025-05-09,True,2025-04-28,2025-05-02,2480900000.0,IN,100,2025-05-09,46.811863,12.406407,12.406407,3464.34,2671.5
2025-05-12,2025-05-16,True,2025-05-05,2025-05-09,1030300000.0,IN,100,2025-05-16,47.462143,1.389135,1.389135,3512.47,2708.61
2025-05-19,2025-05-23,True,2025-05-12,2025-05-16,841700000.0,IN,100,2025-05-23,51.542038,8.596104,8.596104,3814.4,2941.44
2025-05-26,2025-05-30,True,2025-05-19,2025-05-23,2432000000.0,IN,100,2025-05-30,47.462036,-7.915872,-7.915872,3512.46,2708.6
2025-06-02,2025-06-06,True,2025-05-26,2025-05-30,584600000.0,IN,100,2025-06-06,46.841908,-1.306578,-1.306578,3466.57,2673.21
2025-06-09,2025-06-13,True,2025-06-02,2025-06-06,81100000.0,IN,100,2025-06-13,47.336216,1.05527,1.05527,3503.15,2701.42
2025-06-16,2025-06-20,True,2025-06-09,2025-06-13,1115900000.0,IN,100,2025-06-20,45.448875,-3.987096,-3.987096,3363.48,2593.71
2025-06-23,2025-06-27,True,2025-06-16,2025-06-20,1231600000.0,IN,100,2025-06-27,48.362244,6.41021,6.41021,3579.08,2759.98
2025-06-30,2025-07-04,True,2025-06-23,2025-06-27,1310900000.0,IN,100,2025-07-03,50.504414,4.429426,4.429426,3737.61,2882.23
2025-07-07,2025-07-11,True,2025-06-30,2025-07-04,336800000.0,IN,100,2025-07-11,58.519402,15.869876,15.869876,4330.77,3339.63
2025-07-14,2025-07-18,True,2025-07-07,2025-07-11,1759000000.0,IN,100,2025-07-18,57.421089,-1.876835,-1.876835,4249.49,3276.95
2025-07-21,2025-07-25,True,2025-07-14,2025-07-18,2569000000.0,IN,100,2025-07-25,56.876469,-0.948468,-0.948468,4209.18,3245.87
2025-07-28,2025-08-01,True,2025-07-21,2025-07-25,267900000.0,IN,100,2025-08-01,52.735348,-7.280904,-7.280904,3902.72,3009.54
2025-08-04,2025-08-08,True,2025-07-28,2025-08-01,355400000.0,IN,100,2025-08-08,55.796452,5.804653,5.804653,4129.26,3184.24
2025-08-11,2025-08-15,True,2025-08-04,2025-08-08,188900000.0,IN,100,2025-08-15,55.99807,0.361346,0.361346,4144.18,3195.74
2025-08-18,2025-08-22,True,2025-08-11,2025-08-15,887700000.0,IN,100,2025-08-22,55.402355,-1.063813,-1.063813,4100.09,3161.75
2025-08-25,2025-08-29,True,2025-08-18,2025-08-22,-615000000.0,OUT,0,2025-08-29,47.240337,-14.732258,-0.0,4100.09,2695.95
2025-09-01,2025-09-05,True,2025-08-25,2025-08-29,247900000.0,IN,100,2025-09-05,49.947208,5.729999,5.729999,4335.02,2850.43
2025-09-08,2025-09-12,True,2025-09-01,2025-09-05,434300000.0,IN,100,2025-09-12,54.739834,9.595382,9.595382,4750.99,3123.94
2025-09-15,2025-09-19,True,2025-09-08,2025-09-12,1036900000.0,IN,100,2025-09-19,52.867279,-3.420827,-3.420827,4588.46,3017.07
2025-09-22,2025-09-26,True,2025-09-15,2025-09-19,866800000.0,IN,100,2025-09-26,47.037811,-11.026608,-11.026608,4082.51,2684.39
2025-09-29,2025-10-03,True,2025-09-22,2025-09-26,173800000.0,IN,100,2025-10-03,59.442352,26.371425,26.371425,5159.13,3392.3
2025-10-06,2025-10-10,True,2025-09-29,2025-10-03,1816400000.0,IN,100,2025-10-10,53.108711,-10.655098,-10.655098,4609.42,3030.85
2025-10-13,2025-10-17,True,2025-10-06,2025-10-10,2625300000.0,IN,100,2025-10-17,43.978897,-17.190803,-17.190803,3817.02,2509.82
2025-10-20,2025-10-24,True,2025-10-13,2025-10-17,-278600000.0,OUT,0,2025-10-24,47.178566,7.275464,0.0,3817.02,2692.42
2025-10-27,2025-10-31,True,2025-10-20,2025-10-24,324300000.0,IN,100,2025-10-31,46.079365,-2.329874,-2.329874,3728.09,2629.69
2025-11-03,2025-11-07,True,2025-10-27,2025-10-31,-403400000.0,OUT,0,2025-11-07,40.701225,-11.671471,-0.0,3728.09,2322.77
2025-11-10,2025-11-14,True,2025-11-03,2025-11-07,-581000000.0,OUT,0,2025-11-14,33.369125,-18.014445,-0.0,3728.09,1904.34
2025-11-17,2025-11-21,True,2025-11-10,2025-11-14,-532400000.0,OUT,0,2025-11-21,26.663046,-20.096659,-0.0,3728.09,1521.63
2025-11-24,2025-11-28,True,2025-11-17,2025-11-21,-1085700000.0,OUT,0,2025-11-28,30.494644,14.370445,0.0,3728.09,1740.29
2025-12-01,2025-12-05,True,2025-11-24,2025-11-28,-137000000.0,OUT,0,2025-12-05,29.228867,-4.150819,-0.0,3728.09,1668.06
2025-12-08,2025-12-12,True,2025-12-01,2025-12-05,-49100000.0,OUT,0,2025-12-12,29.683001,1.553717,0.0,3728.09,1693.97
2025-12-15,2025-12-19,True,2025-12-08,2025-12-12,214100000.0,IN,100,2025-12-19,27.924356,-5.924752,-5.924752,3507.21,1593.61
2025-12-22,2025-12-26,True,2025-12-15,2025-12-19,-240300000.0,OUT,0,2025-12-26,27.548075,-1.347504,-0.0,3507.21,1572.14
2025-12-29,2026-01-02,True,2025-12-22,2025-12-26,-435300000.0,OUT,0,2026-01-02,28.894779,4.888561,0.0,3507.21,1648.99
2026-01-05,2026-01-09,True,2025-12-29,2026-01-02,324200000.0,IN,100,2026-01-09,28.964098,0.239901,0.239901,3515.62,1652.95
2026-01-12,2026-01-16,True,2026-01-05,2026-01-09,25900000.0,IN,100,2026-01-16,32.330868,11.623941,11.623941,3924.28,1845.08
2026-01-19,2026-01-23,True,2026-01-12,2026-01-16,1034900000.0,IN,100,2026-01-23,28.123194,-13.014417,-13.014417,3413.56,1604.96
2026-01-26,2026-01-30,True,2026-01-19,2026-01-23,-537500000.0,OUT,0,2026-01-30,24.554508,-12.689475,-0.0,3413.56,1401.3
2026-02-02,2026-02-06,True,2026-01-26,2026-01-30,-947200000.0,OUT,0,2026-02-06,16.396107,-33.225677,-0.0,3413.56,935.71
2026-02-09,2026-02-13,True,2026-02-02,2026-02-06,-115100000.0,OUT,0,2026-02-13,15.702197,-4.232161,-0.0,3413.56,896.11
2026-02-16,2026-02-20,True,2026-02-09,2026-02-13,-234800000.0,OUT,0,2026-02-20,15.246186,-2.904121,-0.0,3413.56,870.08
2026-02-23,2026-02-27,True,2026-02-16,2026-02-20,-303500000.0,OUT,0,2026-02-27,14.144413,-7.22655,-0.0,3413.56,807.2
2026-03-02,2026-03-06,True,2026-02-23,2026-02-27,503000000.0,IN,100,2026-03-06,15.01789,6.175421,6.175421,3624.36,857.05
2026-03-09,2026-03-13,True,2026-03-02,2026-03-06,660000000.0,IN,100,2026-03-13,16.367813,8.988767,8.988767,3950.14,934.09
2026-03-16,2026-03-20,True,2026-03-09,2026-03-13,600100000.0,IN,100,2026-03-20,15.816917,-3.365726,-3.365726,3817.19,902.65
2026-03-23,2026-03-27,True,2026-03-16,2026-03-20,190600000.0,IN,100,2026-03-27,13.889478,-12.185938,-12.185938,3352.03,792.66
2026-03-30,2026-04-03,True,2026-03-23,2026-03-27,-158000000.0,OUT,0,2026-04-02,14.296824,2.932765,0.0,3352.03,815.9
2026-04-06,2026-04-10,True,2026-03-30,2026-04-03,16400000.0,IN,100,2026-04-10,17.019081,19.040996,19.040996,3990.29,971.26
2026-04-13,2026-04-17,True,2026-04-06,2026-04-10,612100000.0,IN,100,2026-04-17,18.966393,11.44193,11.44193,4446.86,1082.39
2026-04-20,2026-04-24,True,2026-04-13,2026-04-17,906100000.0,IN,100,2026-04-24,18.94257,-0.125605,-0.125605,4441.27,1081.03
2026-04-27,2026-05-01,True,2026-04-20,2026-04-24,732600000.0,IN,100,2026-05-01,19.270706,1.73227,1.73227,4518.21,1099.76
2026-05-04,2026-05-08,True,2026-04-27,2026-05-01,136600000.0,IN,100,2026-05-08,20.05625,4.07636,4.07636,4702.39,1144.59
2026-05-11,2026-05-15,True,2026-05-04,2026-05-08,596300000.0,IN,100,2026-05-15,19.409918,-3.222595,-3.222595,4550.85,1107.7
2026-05-18,2026-05-22,True,2026-05-11,2026-05-15,-317200000.0,OUT,0,2026-05-22,17.729828,-8.655832,-0.0,4550.85,1011.82
2026-05-25,2026-05-29,True,2026-05-18,2026-05-22,-1008100000.0,OUT,0,2026-05-29,16.634781,-6.176298,-0.0,4550.85,949.33
2026-06-01,2026-06-05,True,2026-05-25,2026-05-29,-966300000.0,OUT,0,2026-06-05,11.089853,-33.333337,-0.0,4550.85,632.88
2026-06-08,2026-06-12,True,2026-06-01,2026-06-05,-1337200000.0,OUT,0,2026-06-12,12.254588,10.502707,0.0,4550.85,699.35
2026-06-15,2026-06-19,True,2026-06-08,2026-06-12,-355000000.0,OUT,0,2026-06-18,11.922571,-2.709328,-0.0,4550.85,680.41
2026-06-22,2026-06-26,True,2026-06-15,2026-06-19,-44700000.0,OUT,0,2026-06-26,10.686451,-10.3679,-0.0,4550.85,609.86
2026-06-29,2026-07-03,True,2026-06-22,2026-06-26,-1303500000.0,OUT,0,2026-07-02,11.274605,5.503734,0.0,4550.85,643.43
2026-07-06,2026-07-10,True,2026-06-29,2026-07-03,-772600000.0,OUT,0,2026-07-10,12.15185,7.780716,0.0,4550.85,693.49
2026-07-13,2026-07-17,True,2026-07-06,2026-07-10,291900000.0,IN,100,2026-07-17,12.191724,0.328132,0.328132,4565.78,695.77
2026-07-20,2026-07-24,True,2026-07-13,2026-07-17,204100000.0,IN,100,2026-07-24,12.154881,-0.302191,-0.302191,4551.98,693.66
2026-07-27,2026-07-31,True,2026-07-20,2026-07-24,-95500000.0,OUT,0,2026-07-31,11.635954,-4.269294,-0.0,4551.98,664.05
2026-08-03,2026-08-07,True,2026-07-27,2026-07-31,86900000.0,IN,100,2026-08-07,12.384407,6.432246,6.432246,4844.78,706.76
2026-08-10,2026-08-14,True,2026-08-03,2026-08-07,693500000.0,IN,100,2026-08-14,11.566098,-6.607574,-6.607574,4524.65,660.06
2026-08-17,2026-08-21,True,2026-08-10,2026-08-14,-78900000.0,OUT,0,2026-08-21,17.162828,48.389095,0.0,4524.65,979.46
2026-08-24,2026-08-28,True,2026-08-17,2026-08-21,1330800000.0,IN,100,2026-08-28,17.302689,0.814902,0.814902,4561.53,987.44
2026-08-31,2026-09-04,True,2026-08-24,2026-08-28,938300000.0,IN,100,2026-09-04,18.231758,5.36951,5.36951,4806.46,1040.46
2026-09-07,2026-09-11,True,2026-08-31,2026-09-04,691500000.0,IN,100,2026-09-11,17.01298,-6.684921,-6.684921,4485.15,970.91
2026-09-14,2026-09-18,True,2026-09-07,2026-09-11,-52500000.0,OUT,0,2026-09-18,18.681311,9.806226,0.0,4485.15,1066.12
2026-09-21,2026-09-25,True,2026-09-14,2026-09-18,120600000.0,IN,100,2026-09-25,19.83,6.148869,6.148869,4760.94,1131.67
2026-09-28,2026-10-02,False,2026-09-21,2026-09-25,1157600000.0,IN,100,2026-09-28,19.52,-1.563285,-1.563285,4686.51,1113.98
