month,is_complete,signal_flow_month,prior_month_ibit_flow_usd,signal,allocation_pct,price_date,adjusted_close,asset_month_return_pct,strategy_month_return_pct,strategy_value,buy_hold_value,ytd_strategy_value
2024-02,True,2024-01,2787300000.0,IN,100,2024-02-29,32.817684,98.7325,98.7325,1987.32,1987.32,
2024-03,True,2024-02,4969000000.0,IN,100,2024-03-28,39.807331,21.298416,21.298416,2410.59,2410.59,
2024-04,True,2024-03,6201600000.0,IN,100,2024-04-30,25.977552,-34.741788,-34.741788,1573.11,1573.11,
2024-05,True,2024-04,1520700000.0,IN,100,2024-05-31,32.830849,26.381609,26.381609,1988.12,1988.12,
2024-06,True,2024-05,1173000000.0,IN,100,2024-06-28,24.843941,-24.327449,-24.327449,1504.46,1504.46,
2024-07,True,2024-06,1073500000.0,IN,100,2024-07-31,28.080822,13.028856,13.028856,1700.48,1700.48,
2024-08,True,2024-07,2303300000.0,IN,100,2024-08-30,20.929655,-25.466373,-25.466373,1267.43,1267.43,
2024-09,True,2024-08,888900000.0,IN,100,2024-09-30,23.772703,13.583827,13.583827,1439.59,1439.59,
2024-10,True,2024-09,577900000.0,IN,100,2024-10-31,28.062424,18.044732,18.044732,1699.36,1699.36,
2024-11,True,2024-10,4640700000.0,IN,100,2024-11-29,51.670147,84.125746,84.125746,3128.96,3128.96,
2024-12,True,2024-11,5732400000.0,IN,100,2024-12-31,44.817627,-13.262049,-13.262049,2714.0,2714.0,
2025-01,True,2024-12,5510500000.0,IN,100,2025-01-31,51.08083,13.974865,13.974865,3093.28,3093.28,
2025-02,True,2025-01,3231200000.0,IN,100,2025-02-28,34.195133,-33.056817,-33.056817,2070.74,2070.74,
2025-03,True,2025-02,-775800000.0,OUT,0,2025-03-31,31.233727,-8.660316,-0.0,2070.74,1891.41,
2025-04,True,2025-03,256900000.0,IN,100,2025-04-30,39.302357,25.833069,25.833069,2605.67,2380.01,
2025-05,True,2025-04,2693600000.0,IN,100,2025-05-30,47.462032,20.761288,20.761288,3146.65,2874.14,
2025-06,True,2025-05,5914900000.0,IN,100,2025-06-30,49.033943,3.311933,3.311933,3250.86,2969.33,
2025-07,True,2025-06,3851800000.0,IN,100,2025-07-31,56.410496,15.043768,15.043768,3739.91,3416.02,
2025-08,True,2025-07,5178400000.0,IN,100,2025-08-29,47.240341,-16.256114,-16.256114,3131.95,2860.71,
2025-09,True,2025-08,706900000.0,IN,100,2025-09-30,51.68248,9.403274,9.403274,3426.45,3129.71,
2025-10,True,2025-09,2664600000.0,IN,100,2025-10-31,46.079369,-10.841413,-10.841413,3054.98,2790.41,
2025-11,True,2025-10,3931200000.0,IN,100,2025-11-28,30.494644,-33.82148,-33.82148,2021.74,1846.65,
2025-12,True,2025-11,-2336100000.0,OUT,0,2025-12-31,27.468853,-9.922369,-0.0,2021.74,1663.42,
2026-01,True,2025-12,-473800000.0,OUT,0,2026-01-30,24.554508,-10.609634,-0.0,2021.74,1486.94,1000.0
2026-02,True,2026-01,-136500000.0,OUT,0,2026-02-27,14.144411,-42.395869,-0.0,2021.74,856.54,1000.0
2026-03,True,2026-02,-150400000.0,OUT,0,2026-03-31,14.644557,3.535997,0.0,2021.74,886.82,1000.0
2026-04,True,2026-03,1398600000.0,IN,100,2026-04-30,18.296234,24.935388,24.935388,2525.87,1107.96,1249.35
2026-05,True,2026-04,2013500000.0,IN,100,2026-05-29,16.634781,-9.080848,-9.080848,2296.5,1007.34,1135.9
2026-06,True,2026-05,-1410900000.0,OUT,0,2026-06-30,10.287702,-38.155473,-0.0,2296.5,622.99,1135.9
2026-07,True,2026-06,-3553200000.0,OUT,0,2026-07-31,11.635954,13.105476,0.0,2296.5,704.63,1135.9
2026-08,True,2026-07,227600000.0,IN,100,2026-08-31,17.92207,54.023209,54.023209,3537.14,1085.3,1749.55
2026-09,False,2026-08,3089600000.0,IN,100,2026-09-28,19.52,8.915995,8.915995,3852.51,1182.06,1905.54
